"LarvaID","YearOnly","estimatedAge","Site Name","Day of Year","hatchedDoY","Delta13C","Delta15N","CNRatio","Distance to Angle Crossing (m)","new Latitude","new Longitude","raceCladeName","cladeGoTName","mumPulldown","Fathers","inbredCoeff"
70,2011,12.13,"Bullen Range",314.00,295.77,,,,34906.28,-35.37,"148.9840","Goodoo","Lannister",,,"-0.0288"
71,2011,11.91,"Bullen Range",314.00,295.98,,,,34906.28,-35.37,"148.9840","Goodoo","Wildlings","Mirri Maz Duur","Qotho","-0.0038"
72,2011,11.73,"Bullen Range",314.00,296.16,,,,34906.28,-35.37,"148.9840","Goodoo","Wildlings","Old Nan","Hodor","0.0884"
73,2011,12.63,"Bullen Range",314.00,295.26,,,,34906.28,-35.37,"148.9840","Goodoo","Lannister","Nymeria Sand","Areo","-0.2183"
74,2011,12.09,"Bullen Range",314.00,295.80,,,,34906.28,-35.37,"148.9840","Pondi","House Arryn","Cersei Lannister","Jaime","-0.5878"
75,2011,12.63,"Bullen Range",314.00,295.26,,,,34906.28,-35.37,"148.9840","Pondi","House Arryn","Old Nan","Hodor","-0.3978"
76,2011,12.27,"Bullen Range",314.00,295.62,,,,34906.28,-35.37,"148.9840","Pondi","House Arryn","Cersei Lannister","Jaime","-0.9089"
77,2011,12.45,"Nerreman",319.00,300.80,,,,46228.76,-35.29,"148.9650","Pondi","House Arryn","Cersei Lannister","Jaime","-0.5872"
78,2011,12.81,"Nerreman",319.00,300.44,,,,46228.76,-35.29,"148.9650","Pondi","House Arryn","Cersei Lannister","Jaime","-0.4283"
79,2011,11.01,"Nerreman",319.00,302.23,,,,46228.76,-35.29,"148.9650","Goodoo","Lannister",,,"-0.0199"
80,2011,13.17,"Tharwa Sandwash",320.00,300.31,,,,8343.72,-35.52,"149.0762","Goodoo","Wildlings","Sansa Stark","Tyrion","0.0381"
81,2011,12.99,"Tharwa Sandwash",320.00,300.49,,,,8343.72,-35.52,"149.0762","Goodoo","Tyrell","Arya Stark","Jagen","0.0092"
82,2011,13.71,"Tharwa Sandwash",320.00,299.77,,,,8343.72,-35.52,"149.0762","Goodoo","Tyrell","Margaery Tyrell","Tommen","-0.2858"
83,2011,12.81,"Tharwa Sandwash",320.00,300.67,,,,8343.72,-35.52,"149.0762","Goodoo","Wildlings","Sansa Stark","Tyrion","-0.1294"
84,2011,12.99,"Tharwa Sandwash",320.00,300.49,,,,8343.72,-35.52,"149.0762","Goodoo","Wildlings","Sansa Stark","Tyrion","-0.0228"
85,2011,12.81,"Tharwa Sandwash",320.00,300.67,,,,8343.72,-35.52,"149.0762","Goodoo","Wildlings","Sansa Stark","Tyrion","-0.0519"
86,2011,13.35,"Tharwa Sandwash",320.00,300.13,,,,8343.72,-35.52,"149.0762","Goodoo","Wildlings","Sansa Stark","Tyrion","-0.1406"
87,2011,12.99,"Tharwa Sandwash",320.00,300.49,,,,8343.72,-35.52,"149.0762","Goodoo","Wildlings","Sansa Stark","Tyrion","-0.0801"
88,2011,13.26,"Tharwa Sandwash",320.00,300.22,,,,8343.72,-35.52,"149.0762","Goodoo","Wildlings","Sansa Stark","Tyrion","0.0215"
89,2011,13.17,"Tharwa Sandwash",320.00,300.31,,,,8343.72,-35.52,"149.0762","Goodoo","Wildlings","Sansa Stark","Tyrion","-0.076"
90,2011,12.99,"Tharwa Sandwash",320.00,300.49,,,,8343.72,-35.52,"149.0762","Goodoo","Wildlings","Sansa Stark","Tyrion","-0.0269"
91,2011,13.89,"Tharwa Sandwash",320.00,299.59,,,,8343.72,-35.52,"149.0762","Goodoo","Tyrell",,,"0.0661"
92,2011,12.45,"Tharwa Sandwash",320.00,301.03,,,,8343.72,-35.52,"149.0762","Goodoo","Wildlings","Sansa Stark","Tyrion","-0.006"
93,2011,13.35,"Tharwa Sandwash",320.00,300.13,,,,8343.72,-35.52,"149.0762","Goodoo","Tyrell","Arya Stark","Jagen","0.0522"
94,2011,12.81,"Tharwa Sandwash",320.00,300.67,,,,8343.72,-35.52,"149.0762","Goodoo","Tyrell","Arya Stark","Jagen","0.0227"
95,2011,14.07,"Lanyon",321.00,300.67,,,,13980.31,-35.47,"149.0639","Goodoo","Lannister","Cersei Lannister","Jaime","-0.4935"
96,2011,14.70,"Lanyon",321.00,300.04,,,,13980.31,-35.47,"149.0639","Goodoo","Lannister","Myrcella Baratheon","Trystane","-0.0879"
97,2011,15.51,"Lanyon",321.00,299.23,,,,13980.31,-35.47,"149.0639","Goodoo","Lannister","Myrcella Baratheon","Trystane","-0.0209"
98,2011,16.77,"Lanyon",321.00,297.97,,,,13980.31,-35.47,"149.0639","Goodoo","Wildlings",,,"-0.1304"
99,2011,16.05,"Lanyon",321.00,298.69,,,,13980.31,-35.47,"149.0639","Goodoo","Lannister",,,"-0.0567"
100,2011,9.39,"Murramore",326.00,309.12,,,,20813.63,-35.43,"149.0715","Pondi","House Arryn","Cersei Lannister","Jaime","-0.9166"
101,2011,8.67,"Murramore",326.00,309.84,,,,20813.63,-35.43,"149.0715","Pondi","House Arryn",,,"-0.369"
103,2011,21.08,"Murramore",326.00,297.43,,,,20813.63,-35.43,"149.0715","Goodoo","Wildlings",,,"-0.1513"
104,2011,9.75,"Murramore",326.00,308.76,,,,20813.63,-35.43,"149.0715","Goodoo","Wildlings","Cersei Lannister","Jaime","-0.4789"
105,2011,11.73,"Murramore",340.00,318.94,,,,20813.63,-35.43,"149.0715","Goodoo","Wildlings","Gilly","Samwell","-0.2131"
107,2011,8.85,"Murramore",326.00,309.66,,,,20813.63,-35.43,"149.0715","Goodoo","Wildlings","Cersei Lannister","Jaime","-0.438"
108,2011,13.35,"Kambah Pool",327.00,306.34,,,,28825.03,-35.40,"149.0147","Pondi","House Arryn","Cersei Lannister","Jaime","-0.5986"
109,2011,13.46,"Kambah Pool",327.00,306.23,,,,28825.03,-35.40,"149.0147","Pondi","House Arryn","Cersei Lannister","Jaime","-0.6909"
110,2011,13.64,"Kambah Pool",327.00,306.05,,,,28825.03,-35.40,"149.0147","Goodoo","Wildlings",,,"-0.1045"
111,2011,10.64,"Kambah Pool",327.00,309.06,,,,28825.03,-35.40,"149.0147","Goodoo","Nights Watch",,,"-0.0515"
112,2011,10.11,"Bullen Range",328.00,310.00,,,,34906.28,-35.37,"148.9840","Pondi","House Arryn","Cersei Lannister","Jaime","-0.7282"
113,2011,11.55,"Bullen Range",328.00,308.56,,,,34906.28,-35.37,"148.9840","Goodoo","Wildlings",,,"-0.0823"
114,2011,14.38,"Bullen Range",328.00,305.74,,,,34906.28,-35.37,"148.9840","Goodoo","Wildlings",,,"-0.1104"
115,2011,12.27,"Bullen Range",328.00,307.84,,,,34906.28,-35.37,"148.9840","Goodoo","Wildlings",,,"-0.3758"
116,2011,11.01,"Bullen Range",328.00,309.10,,,,34906.28,-35.37,"148.9840","Goodoo","Tyrell",,,"0.0295"
117,2011,13.35,"Bullen Range",328.00,306.76,,,,34906.28,-35.37,"148.9840","Goodoo","Wildlings",,,"-0.1074"
118,2011,9.57,"Bullen Range",328.00,310.54,,,,34906.28,-35.37,"148.9840","Goodoo","Wildlings",,,"-0.1964"
119,2011,11.55,"Bullen Range",328.00,308.56,,,,34906.28,-35.37,"148.9840","Goodoo","Tyrell",,,"-0.3171"
120,2011,10.83,"Bullen Range",328.00,309.28,,,,34906.28,-35.37,"148.9840","Goodoo","Wildlings",,,"-0.065"
121,2011,10.65,"Bullen Range",328.00,309.46,,,,34906.28,-35.37,"148.9840","Goodoo","Wildlings",,,"-0.2313"
122,2011,11.55,"Bullen Range",328.00,308.56,,,,34906.28,-35.37,"148.9840","Goodoo","Wildlings",,,"-0.1412"
123,2011,11.91,"Bullen Range",328.00,308.20,,,,34906.28,-35.37,"148.9840","Pondi","House Arryn","Cersei Lannister","Jaime","-0.5348"
124,2011,14.07,"Bullen Range",328.00,306.04,,,,34906.28,-35.37,"148.9840","Pondi","House Arryn","Cersei Lannister","Jaime","-0.721"
125,2011,11.37,"Bullen Range",328.00,308.74,,,,34906.28,-35.37,"148.9840","Goodoo","Wildlings",,,"-0.5104"
126,2011,11.19,"Bullen Range",328.00,308.92,,,,34906.28,-35.37,"148.9840","Goodoo","Tyrell",,,"-0.3054"
127,2011,11.01,"Tharwa Sandwash",333.00,315.31,,,,8343.72,-35.52,"149.0762","Goodoo","Wildlings",,,"-0.1182"
128,2011,11.73,"Tharwa Sandwash",333.00,314.59,,,,8343.72,-35.52,"149.0762","Goodoo","Wildlings","Walda Bolton","Ramsay","-0.1861"
129,2011,15.87,"Tharwa Sandwash",333.00,310.45,,,,8343.72,-35.52,"149.0762","Goodoo","Greyjoys","Meera Reed",,"-0.2148"
130,2011,12.45,"Tharwa Sandwash",333.00,313.87,,,,8343.72,-35.52,"149.0762","Goodoo","Wildlings","Walda Bolton","Ramsay","0.0069"
131,2011,11.55,"Tharwa Sandwash",333.00,314.77,,,,8343.72,-35.52,"149.0762","Goodoo","Wildlings","Walda Bolton","Ramsay","-0.3832"
132,2011,11.73,"Tharwa Sandwash",333.00,314.59,,,,8343.72,-35.52,"149.0762","Goodoo","Wildlings",,,"0.0266"
133,2011,10.83,"Lanyon",339.00,319.11,,,,13980.31,-35.47,"149.0639","Goodoo","Wildlings","Gilly","Samwell","-0.1785"
134,2012,11.35,"Bullen Range",331.00,314.04,,,,34906.28,-35.37,"148.9840","Pondi","House Arryn","Cersei Lannister","Jaime","-0.493"
135,2012,11.35,"Murramore",326.00,306.87,,,,20813.63,-35.43,"149.0715","Goodoo","Lannister",,,"-0.1453"
136,2012,10.72,"Murramore",326.00,307.50,,,,20813.63,-35.43,"149.0715","Goodoo","Wildlings",,,"-0.322"
137,2012,9.04,"Murramore",326.00,309.18,,,,20813.63,-35.43,"149.0715","Goodoo","Wildlings",,,"0.0234"
138,2012,12.09,"Murramore",326.00,306.14,,,,20813.63,-35.43,"149.0715","Goodoo","Wildlings","Cersei Lannister","Jaime","-0.4949"
139,2012,13.04,"Lanyon",325.00,303.96,,,,13980.31,-35.47,"149.0639","Goodoo","Wildlings","Irri","Rakharo","-0.1573"
140,2012,12.19,"Lanyon",325.00,304.80,,,,13980.31,-35.47,"149.0639","Goodoo","Wildlings","Quaithe","Pyat","-0.0165"
142,2012,11.88,"Lanyon",325.00,305.11,,,,13980.31,-35.47,"149.0639","Goodoo","Wildlings","Irri","Rakharo","-0.1007"
143,2012,11.35,"Tharwa Sandwash",324.00,304.27,,,,8343.72,-35.52,"149.0762","Pondi","House Arryn","Cersei Lannister","Jaime","-0.7674"
146,2012,11.56,"Tharwa Sandwash",324.00,304.06,,,,8343.72,-35.52,"149.0762","Pondi","House Arryn","Cersei Lannister","Jaime","-0.5363"
147,2012,10.51,"Nerreman",320.00,302.92,,,,46228.76,-35.29,"148.9650","Pondi","House Arryn","Cersei Lannister","Jaime","-0.8277"
148,2012,12.62,"Nerreman",320.00,300.82,,,,46228.76,-35.29,"148.9650","Goodoo","Wildlings","Cersei Lannister","Jaime","-0.5301"
149,2012,9.67,"Nerreman",320.00,303.76,,,,46228.76,-35.29,"148.9650","Pondi","House Arryn","Cersei Lannister","Jaime","-0.4774"
150,2012,10.51,"Nerreman",320.00,302.92,,,,46228.76,-35.29,"148.9650","Goodoo","Nights Watch",,,"-0.0418"
151,2012,11.77,"Bullen Range",318.00,298.93,,,,34906.28,-35.37,"148.9840","Goodoo","Wildlings",,,"-0.3031"
152,2012,12.41,"Bullen Range",318.00,298.29,,,,34906.28,-35.37,"148.9840","Goodoo","Nights Watch",,,"-0.0075"
153,2012,11.04,"Bullen Range",318.00,299.66,,,,34906.28,-35.37,"148.9840","Ponde","Bolton",,,"-0.0948"
154,2012,11.35,"Bullen Range",318.00,299.35,,,,34906.28,-35.37,"148.9840","Goodoo","Wildlings",,,"-0.046"
155,2012,11.77,"Bullen Range",318.00,298.93,,,,34906.28,-35.37,"148.9840","Goodoo","Wildlings","Mirri Maz Duur","Qotho","-0.0484"
156,2012,9.04,"Bullen Range",318.00,301.66,,,,34906.28,-35.37,"148.9840","Goodoo","Wildlings",,,"-0.0162"
157,2012,9.67,"Bullen Range",318.00,301.03,,,,34906.28,-35.37,"148.9840","Goodoo","Lannister",,,"0.0628"
158,2012,11.35,"Bullen Range",318.00,299.35,,,,34906.28,-35.37,"148.9840","Goodoo","Wildlings",,,"-0.2671"
159,2012,9.04,"Bullen Range",318.00,301.66,,,,34906.28,-35.37,"148.9840","Goodoo","Wildlings",,,"-0.1526"
160,2012,12.41,"Nerreman",320.00,301.03,,,,46228.76,-35.29,"148.9650","Goodoo","Nights Watch",,,"0.1064"
161,2012,12.41,"Nerreman",320.00,301.03,,,,46228.76,-35.29,"148.9650","Goodoo","Nights Watch",,,"0.0471"
162,2012,11.98,"Nerreman",320.00,301.45,,,,46228.76,-35.29,"148.9650","Ponde","FacelessMen",,,"-0.055"
163,2012,13.25,"Nerreman",320.00,300.19,,,,46228.76,-35.29,"148.9650","Pondi","House Arryn","Cersei Lannister","Jaime","-0.5811"
164,2012,13.25,"Nerreman",320.00,300.19,,,,46228.76,-35.29,"148.9650","Goodoo","Wildlings","Osha","Theon","-0.0691"
165,2012,10.72,"Nerreman",320.00,302.71,,,,46228.76,-35.29,"148.9650","Ponde","FacelessMen",,,"0.1751"
166,2012,13.67,"Nerreman",320.00,299.77,,,,46228.76,-35.29,"148.9650","Pondi","House Arryn","Cersei Lannister","Jaime","-0.4801"
167,2012,12.30,"Nerreman",320.00,301.13,,,,46228.76,-35.29,"148.9650","Goodoo","Wildlings",,,"-0.3552"
168,2012,9.04,"Nerreman",320.00,304.39,,,,46228.76,-35.29,"148.9650","Goodoo","Wildlings",,,"0.012"
169,2012,7.15,"Nerreman",320.00,306.28,,,,46228.76,-35.29,"148.9650","Goodoo","Wildlings","Osha","Theon","-0.1988"
170,2012,12.41,"Nerreman",320.00,301.03,,,,46228.76,-35.29,"148.9650","Goodoo","Lannister","Nymeria Sand","Areo","-0.0206"
171,2012,8.41,"Nerreman",320.00,305.02,,,,46228.76,-35.29,"148.9650","Pondi","House Arryn","Cersei Lannister","Jaime","-0.8419"
172,2012,12.51,"Nerreman",320.00,300.92,,,,46228.76,-35.29,"148.9650","Goodoo","Wildlings",,,"-0.2649"
173,2012,11.56,"Nerreman",320.00,301.87,,,,46228.76,-35.29,"148.9650","Pondi","House Arryn","Cersei Lannister","Jaime","-0.6264"
174,2012,12.19,"Nerreman",320.00,301.24,,,,46228.76,-35.29,"148.9650","Pondi","House Arryn","Cersei Lannister","Jaime","-0.7202"
175,2012,9.25,"Nerreman",320.00,304.18,,,,46228.76,-35.29,"148.9650","Pondi","Alchemists' Guild","Cersei Lannister","Jaime","-0.9186"
176,2012,20.39,"Lanyon",334.00,308.66,,,,13980.31,-35.47,"149.0639","Goodoo","Wildlings",,,"-0.1504"
177,2012,19.13,"Lanyon",334.00,309.92,,,,13980.31,-35.47,"149.0639","Goodoo","Wildlings","Cersei Lannister","Jaime","-0.5038"
179,2012,18.08,"Tharwa Sandwash",333.00,308.85,,,,8343.72,-35.52,"149.0762","Goodoo","Wildlings","Quaithe","Pyat","-0.0109"
181,2012,15.14,"Nerreman",353.00,332.64,,,,46228.76,-35.29,"148.9650","Goodoo","Lannister",,,"-0.02"
182,2012,13.46,"Kambah Pool",348.00,328.60,,,,28825.03,-35.40,"149.0147","Goodoo","Nights Watch",,,"-0.0427"
183,2012,14.09,"Kambah Pool",348.00,327.97,,,,28825.03,-35.40,"149.0147","Goodoo","Wildlings",,,"0.0147"
184,2012,12.93,"Murramore",338.00,320.26,,,,20813.63,-35.43,"149.0715","Goodoo","Lannister",,,"-0.0315"
185,2013,12.21,"Kambah Pool",311.00,291.06,-24.29,17.22,3.22,28825.03,-35.40,"149.0147","Goodoo","Nights Watch","Daenerys Targaryen","Drogo","0.0562"
186,2013,12.40,"Kambah Pool",311.00,290.87,-24.42,17.43,3.14,28825.03,-35.40,"149.0147","Goodoo","Nights Watch","Daenerys Targaryen","Drogo","-0.0227"
187,2013,12.59,"Kambah Pool",311.00,290.68,-24.18,17.42,3.15,28825.03,-35.40,"149.0147","Goodoo","Nights Watch","Daenerys Targaryen","Drogo","0.0676"
188,2013,12.50,"Kambah Pool",311.00,290.78,-23.92,17.31,3.19,28825.03,-35.40,"149.0147","Goodoo","Nights Watch","Daenerys Targaryen","Drogo","0.0115"
189,2013,12.59,"Kambah Pool",311.00,290.68,-24.39,17.34,3.19,28825.03,-35.40,"149.0147","Goodoo","Nights Watch","Daenerys Targaryen","Drogo","0.0825"
190,2013,12.12,"Kambah Pool",311.00,291.16,-24.27,17.34,3.17,28825.03,-35.40,"149.0147","Goodoo","Nights Watch","Daenerys Targaryen","Drogo","-0.0014"
191,2013,13.93,"Bullen Range",311.00,289.35,-24.12,17.33,3.20,34906.28,-35.37,"148.9840","Goodoo","Lannister","Nymeria Sand","Areo","-0.0606"
192,2013,12.12,"Bullen Range",311.00,291.16,-23.18,17.07,3.23,34906.28,-35.37,"148.9840","Goodoo","Wildlings",,,"0.0198"
193,2013,13.16,"Bullen Range",311.00,290.11,-24.00,17.31,3.19,34906.28,-35.37,"148.9840","Goodoo","Lannister","Nymeria Sand","Areo","-0.0469"
194,2013,10.97,"Bullen Range",311.00,292.30,-22.92,16.24,3.21,34906.28,-35.37,"148.9840","Goodoo","Nights Watch","Lysa Tully","Petyr","0.1044"
195,2013,10.69,"Bullen Range",311.00,292.58,-23.53,16.56,3.28,34906.28,-35.37,"148.9840","Goodoo","Nights Watch",,,"0.0515"
196,2013,10.31,"Bullen Range",311.00,292.97,-23.16,12.97,3.29,34906.28,-35.37,"148.9840","Goodoo","Lannister",,,"-0.0368"
197,2013,11.26,"Bullen Range",311.00,292.01,-24.87,11.50,3.31,34906.28,-35.37,"148.9840","Goodoo","Wildlings",,,"-0.0024"
198,2013,13.45,"Bullen Range",311.00,289.82,-24.21,17.22,3.18,34906.28,-35.37,"148.9840","Goodoo","Lannister","Nymeria Sand","Areo","0.156"
199,2013,11.07,"Bullen Range",311.00,292.20,-22.99,16.16,3.29,34906.28,-35.37,"148.9840","Goodoo","Nights Watch","Lysa Tully","Petyr","0.1551"
200,2013,13.93,"Kambah Pool",312.00,290.47,-24.25,17.37,3.18,28825.03,-35.40,"149.0147","Goodoo","Nights Watch","Daenerys Targaryen","Drogo","0.0379"
201,2013,12.97,"Kambah Pool",312.00,291.42,-24.42,17.48,3.20,28825.03,-35.40,"149.0147","Goodoo","Nights Watch","Daenerys Targaryen","Drogo","0.0075"
202,2013,12.59,"Kambah Pool",312.00,291.80,-25.04,13.29,3.22,28825.03,-35.40,"149.0147","Goodoo","Wildlings","Tyene Sand","Bronn","0.1548"
203,2013,12.31,"Kambah Pool",312.00,292.09,-24.57,13.31,3.21,28825.03,-35.40,"149.0147","Goodoo","Wildlings","Tyene Sand","Bronn","0.0864"
204,2013,12.88,"Kambah Pool",312.00,291.51,-24.15,17.25,3.20,28825.03,-35.40,"149.0147","Goodoo","Nights Watch","Daenerys Targaryen","Drogo","-0.1011"
205,2013,13.16,"Kambah Pool",312.00,291.23,-24.31,17.28,3.16,28825.03,-35.40,"149.0147","Goodoo","Nights Watch","Daenerys Targaryen","Drogo","0.0148"
206,2013,14.12,"Nerreman",315.00,290.41,-22.88,12.82,3.12,46228.76,-35.29,"148.9650","Goodoo","Wildlings","Selyse Baratheon","Davos","0.1537"
207,2013,15.26,"Nerreman",315.00,289.27,-23.13,16.24,3.12,46228.76,-35.29,"148.9650","Goodoo","Wildlings",,"Renly","0.0572"
208,2013,15.07,"Nerreman",315.00,289.46,-24.26,19.54,3.12,46228.76,-35.29,"148.9650","Goodoo","Lannister",,,"0.0621"
209,2013,14.69,"Nerreman",315.00,289.84,-23.59,13.82,3.13,46228.76,-35.29,"148.9650","Goodoo","Lannister",,,"0.0059"
210,2013,13.74,"Nerreman",315.00,290.79,-23.65,17.35,3.16,46228.76,-35.29,"148.9650","Goodoo","Lannister","Ygritte","Jon","0.0399"
211,2013,13.93,"Nerreman",315.00,290.60,-22.69,12.50,3.05,46228.76,-35.29,"148.9650","Goodoo","Wildlings",,,"0.0144"
212,2013,14.69,"Nerreman",315.00,289.84,-23.21,12.19,3.07,46228.76,-35.29,"148.9650","Goodoo","Wildlings","Talisa Stark","Robb","0.0324"
213,2013,15.26,"Nerreman",315.00,289.27,-23.22,17.45,3.13,46228.76,-35.29,"148.9650","Goodoo","Lannister","Doreah","Viserys","0.3291"
214,2013,15.16,"Nerreman",315.00,289.36,-23.08,12.34,3.11,46228.76,-35.29,"148.9650","Goodoo","Wildlings",,,"0.0762"
215,2013,13.93,"Nerreman",315.00,290.60,-23.81,17.49,3.22,46228.76,-35.29,"148.9650","Goodoo","Lannister","Ygritte","Jon","0.0387"
216,2013,14.31,"Nerreman",315.00,290.22,-22.69,12.10,3.17,46228.76,-35.29,"148.9650","Goodoo","Nights Watch",,,"-0.0069"
217,2013,13.93,"Nerreman",315.00,290.60,-23.84,17.30,3.21,46228.76,-35.29,"148.9650","Goodoo","Lannister","Ygritte","Jon","-0.0284"
218,2013,13.74,"Nerreman",315.00,290.79,-22.67,13.01,3.19,46228.76,-35.29,"148.9650","Goodoo","Lannister",,,"0.054"
219,2013,15.64,"Nerreman",315.00,288.89,-23.06,12.31,3.14,46228.76,-35.29,"148.9650","Goodoo","Wildlings",,"Renly","-0.0356"
220,2013,13.26,"Nerreman",315.00,291.27,-22.97,12.91,3.18,46228.76,-35.29,"148.9650","Goodoo","Wildlings","Selyse Baratheon","Davos","0.1759"
222,2013,8.40,"Nerreman",315.00,296.12,-24.42,8.21,4.51,46228.76,-35.29,"148.9650",,,,,"0.0486"
223,2013,13.64,"Nerreman",315.00,290.88,-23.68,12.81,3.27,46228.76,-35.29,"148.9650","Goodoo","Nights Watch",,,"-0.0061"
224,2013,14.69,"Nerreman",315.00,289.84,-23.34,17.16,3.44,46228.76,-35.29,"148.9650","Goodoo","Lannister","Doreah","Viserys","0.2802"
225,2013,16.31,"Kambah Pool",315.00,288.22,-24.62,14.10,3.22,28825.03,-35.40,"149.0147","Goodoo","Wildlings","Catelyn Stark","Ned","0.0611"
226,2013,12.31,"Tharwa Sandwash",316.00,293.85,-23.60,13.99,3.21,8343.72,-35.52,"149.0762","Goodoo","Tyrell",,,"0.1193"
227,2013,16.12,"Kambah Pool",317.00,290.86,-23.62,12.39,2.69,28825.03,-35.40,"149.0147","Goodoo","Lannister",,"Tyrion","0.0384"
228,2013,15.16,"Kambah Pool",317.00,291.81,-24.33,13.58,3.31,28825.03,-35.40,"149.0147","Goodoo","Lannister",,,"0.0558"
229,2013,16.02,"Kambah Pool",317.00,290.95,-24.44,13.20,3.22,28825.03,-35.40,"149.0147","Goodoo","Wildlings","Shireen Baratheon","Aegon","-0.0432"
230,2013,15.45,"Kambah Pool",317.00,291.52,-25.18,18.33,3.26,28825.03,-35.40,"149.0147","Goodoo","Nights Watch","Melisandre","Stannis","0.075"
231,2013,15.26,"Kambah Pool",317.00,291.71,-25.14,18.34,3.23,28825.03,-35.40,"149.0147","Goodoo","Nights Watch","Melisandre","Stannis","0.3315"
232,2013,15.35,"Kambah Pool",317.00,291.62,-24.03,13.82,3.23,28825.03,-35.40,"149.0147","Goodoo","Wildlings",,,"0.054"
233,2013,15.74,"Kambah Pool",317.00,291.24,-24.81,14.04,3.24,28825.03,-35.40,"149.0147","Goodoo","Lannister","Septa Mordane","Ser Hugh","0.0644"
234,2013,14.21,"Kambah Pool",317.00,292.76,-25.12,13.74,3.28,28825.03,-35.40,"149.0147","Goodoo","Lannister",,,"0.0438"
235,2013,16.21,"Kambah Pool",317.00,290.76,-25.37,13.41,3.31,28825.03,-35.40,"149.0147","Goodoo","Wildlings",,,"0.0892"
236,2013,15.16,"Kambah Pool",317.00,291.81,-25.17,13.83,3.23,28825.03,-35.40,"149.0147","Goodoo","Lannister",,,"0.104"
237,2013,15.83,"Kambah Pool",317.00,291.14,-24.76,18.58,3.45,28825.03,-35.40,"149.0147","Goodoo","Lannister",,"Tyrion","0.1064"
238,2013,15.45,"Kambah Pool",317.00,291.52,-24.50,13.52,3.33,28825.03,-35.40,"149.0147","Goodoo","Wildlings","Shireen Baratheon","Aegon","0.0035"
239,2013,15.45,"Kambah Pool",317.00,291.52,-24.88,14.17,3.29,28825.03,-35.40,"149.0147","Goodoo","Lannister","Septa Mordane","Ser Hugh","0.0116"
240,2013,15.83,"Kambah Pool",317.00,291.14,-23.98,14.18,3.24,28825.03,-35.40,"149.0147","Goodoo","Wildlings","Obara Sand","Doran","-0.0091"
241,2013,15.35,"Kambah Pool",317.00,291.62,-25.07,18.59,3.26,28825.03,-35.40,"149.0147","Goodoo","Nights Watch","Melisandre","Stannis","0.23"
242,2013,14.69,"Kambah Pool",317.00,292.28,-24.45,13.84,3.68,28825.03,-35.40,"149.0147","Goodoo","Wildlings","Catelyn Stark","Ned","0.0813"
244,2013,14.31,"Kambah Pool",317.00,292.67,-24.94,13.39,3.80,28825.03,-35.40,"149.0147","Goodoo","Lannister",,,"0.0516"
245,2013,16.21,"Kambah Pool",317.00,290.76,-24.04,13.60,3.64,28825.03,-35.40,"149.0147","Goodoo","Wildlings","Obara Sand","Doran","-0.0432"
246,2013,14.69,"Kambah Pool",317.00,292.28,-24.79,14.12,3.43,28825.03,-35.40,"149.0147","Goodoo","Wildlings",,,"0.0475"
247,2013,15.07,"Kambah Pool",317.00,291.90,-25.03,13.54,3.67,28825.03,-35.40,"149.0147","Goodoo","Lannister",,,"0.0647"
250,2013,14.50,"Lanyon",317.00,292.47,-23.17,13.89,3.26,13980.31,-35.47,"149.0639","Goodoo","Lannister",,,"0.0597"
254,2013,14.12,"Lanyon",317.00,292.86,-24.46,13.33,3.38,13980.31,-35.47,"149.0639","Goodoo","Lannister","The Waif","Facelessman","-0.0594"
255,2013,13.93,"Lanyon",317.00,293.05,-24.43,13.41,3.39,13980.31,-35.47,"149.0639","Goodoo","Lannister","The Waif","Facelessman","0.0198"
256,2013,13.93,"Lanyon",317.00,293.05,-23.94,13.76,3.32,13980.31,-35.47,"149.0639","Goodoo","Wildlings",,,"0.026"
257,2013,14.88,"Kambah Pool",319.00,294.38,-23.94,12.92,3.41,28825.03,-35.40,"149.0147","Goodoo","Lannister",,,"-0.0141"
258,2013,16.02,"Kambah Pool",319.00,293.24,-25.22,13.82,3.11,28825.03,-35.40,"149.0147","Goodoo","Lannister",,,"0.0612"
259,2013,14.88,"Kambah Pool",319.00,294.38,-24.15,13.05,3.16,28825.03,-35.40,"149.0147","Goodoo","Wildlings",,,"-0.0218"
260,2013,15.64,"Kambah Pool",319.00,293.62,-24.77,14.10,3.21,28825.03,-35.40,"149.0147","Ponde","Bolton",,,"0.1073"
261,2013,15.07,"Kambah Pool",319.00,294.19,-24.11,13.60,3.34,28825.03,-35.40,"149.0147","Goodoo","Wildlings",,,"-0.014"
263,2013,11.26,"Nerreman",322.00,301.91,-22.95,13.57,3.27,46228.76,-35.29,"148.9650","Goodoo","Lannister",,,"-0.0028"
264,2013,16.40,"Nerreman",322.00,296.76,-24.38,13.30,3.23,46228.76,-35.29,"148.9650","Goodoo","Wildlings",,,"0.0967"
265,2013,12.40,"Nerreman",322.00,300.76,-23.96,17.87,3.24,46228.76,-35.29,"148.9650","Goodoo","Wildlings",,,"0.0371"
266,2013,16.97,"Nerreman",322.00,296.19,-23.25,12.63,3.14,46228.76,-35.29,"148.9650","Goodoo","Wildlings","Talisa Stark","Robb","0.046"
267,2013,10.69,"Tharwa Sandwash",323.00,304.46,-24.23,13.20,3.45,8343.72,-35.52,"149.0762","Goodoo","Lannister","Olenna Redwyne","Luthor","0.114"
268,2013,14.88,"Tharwa Sandwash",323.00,300.27,-24.32,13.17,3.39,8343.72,-35.52,"149.0762","Goodoo","Greyjoys",,,"0.2165"
270,2013,12.40,"Kambah Pool",323.00,302.75,-24.08,15.10,3.34,28825.03,-35.40,"149.0147","Ponde","Bolton","Brienne of Tarth","Tormund","0.0574"
271,2013,12.59,"Kambah Pool",323.00,302.56,-24.05,15.18,3.33,28825.03,-35.40,"149.0147","Ponde","Bolton","Brienne of Tarth","Tormund","-0.0136"
272,2013,12.21,"Kambah Pool",323.00,302.94,-24.48,13.30,3.26,28825.03,-35.40,"149.0147","Goodoo","Wildlings",,,"-0.0003"
273,2013,15.83,"Kambah Pool",323.00,299.32,-23.75,14.00,3.32,28825.03,-35.40,"149.0147","Goodoo","Wildlings",,,"0.1344"
274,2013,13.16,"Kambah Pool",323.00,301.99,-24.06,15.12,3.28,28825.03,-35.40,"149.0147","Ponde","Bolton","Brienne of Tarth","Tormund","0.134"
275,2013,10.12,"Kambah Pool",324.00,306.96,-24.76,13.62,3.21,28825.03,-35.40,"149.0147","Goodoo","Lannister",,,"0.065"
276,2013,11.07,"Kambah Pool",324.00,306.00,-24.72,13.62,3.32,28825.03,-35.40,"149.0147","Goodoo","Lannister",,,"0.0457"
277,2013,13.74,"Kambah Pool",324.00,303.34,-23.90,15.30,3.37,28825.03,-35.40,"149.0147","Ponde","Bolton","Brienne of Tarth","Tormund","0.0462"
278,2013,13.74,"Kambah Pool",324.00,303.34,-23.91,15.26,3.19,28825.03,-35.40,"149.0147","Ponde","Bolton","Brienne of Tarth","Tormund","-0.1168"
279,2013,14.12,"Kambah Pool",324.00,302.96,-23.96,15.34,3.19,28825.03,-35.40,"149.0147","Ponde","Bolton","Brienne of Tarth","Tormund","0.0735"
280,2013,12.40,"Tharwa Sandwash",325.00,305.62,-24.30,12.84,3.35,8343.72,-35.52,"149.0762","Goodoo","Lannister","Olenna Redwyne","Luthor","-0.0232"
282,2013,11.83,"Tharwa Sandwash",325.00,306.20,,,,8343.72,-35.52,"149.0762","Goodoo","Wildlings",,,"-0.3537"
283,2013,12.40,"Tharwa Sandwash",325.00,305.62,,,,8343.72,-35.52,"149.0762","Goodoo","Wildlings",,,"-0.3062"
284,2013,12.59,"Tharwa Sandwash",325.00,305.43,,,,8343.72,-35.52,"149.0762","Goodoo","Wildlings",,,"-0.3029"
290,2013,16.40,"Nerreman",329.00,304.97,,,,46228.76,-35.29,"148.9650","Goodoo","Wildlings","Cersei Lannister","Jaime","-0.4577"
292,2013,14.12,"Nerreman",329.00,307.26,,,,46228.76,-35.29,"148.9650","Pondi","Alchemists' Guild","Cersei Lannister","Jaime","-0.5086"
293,2013,15.64,"Nerreman",329.00,305.73,,,,46228.76,-35.29,"148.9650","Goodoo","Wildlings",,,"-0.2211"
296,2013,14.50,"Tharwa Sandwash",329.00,306.88,,,,8343.72,-35.52,"149.0762","Goodoo","Greyjoys",,,"0.0345"
297,2013,14.69,"Tharwa Sandwash",329.00,306.69,,,,8343.72,-35.52,"149.0762","Pondi","House Arryn","Cersei Lannister","Jaime","-0.6628"
298,2013,16.59,"Tharwa Sandwash",329.00,304.78,,,,8343.72,-35.52,"149.0762","Goodoo","Greyjoys","Meera Reed","Rickon","-0.0254"
300,2013,14.12,"Tharwa Sandwash",330.00,308.44,,,,8343.72,-35.52,"149.0762","Pondi","House Arryn","Cersei Lannister","Jaime","-0.8333"
303,2013,15.16,"Tharwa Sandwash",330.00,307.39,,,,8343.72,-35.52,"149.0762","Goodoo","Greyjoys",,,"-0.1088"
304,2013,16.59,"Tharwa Sandwash",330.00,305.96,,,,8343.72,-35.52,"149.0762","Goodoo","Greyjoys",,,"-0.5915"
314,2013,15.35,"Tharwa Sandwash",331.00,308.98,,,,8343.72,-35.52,"149.0762","Goodoo","Greyjoys","Cersei Lannister","Jaime","-0.4385"
315,2013,14.40,"Tharwa Sandwash",331.00,309.93,,,,8343.72,-35.52,"149.0762","Pondi","Alchemists' Guild","Cersei Lannister","Jaime","-0.8275"
317,2013,16.78,"Tharwa Sandwash",331.00,307.55,,,,8343.72,-35.52,"149.0762","Goodoo","Greyjoys","Meera Reed","Rickon","-0.1574"
319,2013,14.40,"Tharwa Sandwash",332.00,310.95,,,,8343.72,-35.52,"149.0762","Goodoo","Lannister","Margaery Tyrell","Tommen","-0.1426"
320,2013,13.74,"Tharwa Sandwash",332.00,311.62,,,,8343.72,-35.52,"149.0762","Goodoo","Lannister","Margaery Tyrell","Tommen","-0.0838"
321,2013,14.88,"Tharwa Sandwash",332.00,310.48,,,,8343.72,-35.52,"149.0762","Goodoo","Lannister","Margaery Tyrell","Tommen","-0.0401"
322,2013,14.59,"Tharwa Sandwash",332.00,310.76,,,,8343.72,-35.52,"149.0762","Goodoo","Lannister","Margaery Tyrell","Tommen","-0.0206"
323,2013,12.21,"Nerreman",336.00,317.72,,,,46228.76,-35.29,"148.9650","Goodoo","Wildlings",,,"-0.2316"
324,2013,12.21,"Nerreman",336.00,317.72,,,,46228.76,-35.29,"148.9650","Goodoo","Wildlings",,,"-0.3378"
327,2013,13.93,"Nerreman",336.00,316.01,,,,46228.76,-35.29,"148.9650","Goodoo","Wildlings",,,"-0.0895"
329,2013,12.88,"Tharwa Sandwash",337.00,318.40,,,,8343.72,-35.52,"149.0762","Pondi","Alchemists' Guild","Cersei Lannister","Jaime","-0.7608"
330,2013,12.31,"Tharwa Sandwash",337.00,318.97,,,,8343.72,-35.52,"149.0762","Pondi","Alchemists' Guild","Cersei Lannister","Jaime","-0.869"
332,2013,14.69,"Tharwa Sandwash",337.00,316.59,,,,8343.72,-35.52,"149.0762","Pondi","House Arryn",,,"-0.353"
333,2013,13.35,"Nerreman",343.00,323.36,,,,46228.76,-35.29,"148.9650","Goodoo","Lannister","Cersei Lannister","Jaime","-0.5519"
335,2013,14.31,"Nerreman",343.00,322.41,,,,46228.76,-35.29,"148.9650","Goodoo","Lannister",,,"0.0532"
337,2013,14.50,"Nerreman",343.00,322.22,,,,46228.76,-35.29,"148.9650","Goodoo","Lannister",,,"0.0062"
339,2013,13.64,"Tharwa Sandwash",344.00,323.92,,,,8343.72,-35.52,"149.0762","Goodoo","Tyrell","Yara Greyjoy","Aeron","0.0597"
341,2013,13.93,"Tharwa Sandwash",344.00,323.63,,,,8343.72,-35.52,"149.0762","Goodoo","Tyrell","Yara Greyjoy","Aeron","0.0306"
342,2013,13.83,"Tharwa Sandwash",344.00,323.73,,,,8343.72,-35.52,"149.0762","Goodoo","Tyrell","Yara Greyjoy","Aeron","-0.0704"
348,2013,19.73,"Tharwa Sandwash",351.00,326.87,,,,8343.72,-35.52,"149.0762","Goodoo","Wildlings",,,"-0.2095"
349,2013,15.07,"Tharwa Sandwash",351.00,331.53,,,,8343.72,-35.52,"149.0762","Pondi","House Arryn",,,"-0.3925"
351,2013,14.69,"Tharwa Sandwash",351.00,331.91,,,,8343.72,-35.52,"149.0762","Pondi","House Arryn",,,"-0.4155"
357,2013,16.78,"Lanyon",324.00,300.29,,,,13980.31,-35.47,"149.0639","Goodoo","Lannister",,,"-0.0251"
365,2013,13.35,"Murramore",325.00,304.67,,,,20813.63,-35.43,"149.0715","Goodoo","Lannister","Roslin Frey","Edmure","-0.1446"
366,2013,13.35,"Murramore",325.00,304.67,,,,20813.63,-35.43,"149.0715","Goodoo","Lannister","Roslin Frey","Edmure","-0.2171"
367,2013,13.74,"Murramore",325.00,304.29,,,,20813.63,-35.43,"149.0715","Goodoo","Lannister","Roslin Frey","Edmure","-0.0635"
368,2013,13.93,"Lanyon",331.00,310.41,,,,13980.31,-35.47,"149.0639","Goodoo","Wildlings","Cersei Lannister","Jaime","-0.5475"
369,2013,14.31,"Lanyon",331.00,310.03,,,,13980.31,-35.47,"149.0639","Goodoo","Wildlings","Cersei Lannister","Jaime","-0.3396"
370,2013,13.55,"Lanyon",331.00,310.79,,,,13980.31,-35.47,"149.0639","Goodoo","Lannister",,,"0.1086"
371,2013,13.93,"Lanyon",331.00,310.41,,,,13980.31,-35.47,"149.0639","Pondi","House Arryn","Cersei Lannister","Jaime","-0.4664"
372,2013,14.12,"Lanyon",331.00,310.22,,,,13980.31,-35.47,"149.0639","Pondi","House Arryn","Cersei Lannister","Jaime","-0.512"
373,2013,12.78,"Bullen Range",332.00,312.57,,,,34906.28,-35.37,"148.9840","Pondi","House Arryn","Cersei Lannister","Jaime","-0.7673"
374,2013,14.12,"Murramore",332.00,311.24,,,,20813.63,-35.43,"149.0715","Pondi","House Arryn","Cersei Lannister","Jaime","-0.6878"
375,2013,13.55,"Murramore",332.00,311.81,,,,20813.63,-35.43,"149.0715","Goodoo","Wildlings","Cersei Lannister","Jaime","-0.0453"
376,2013,15.07,"Murramore",332.00,310.29,,,,20813.63,-35.43,"149.0715","Goodoo","Wildlings",,,"0.034"
377,2013,14.88,"Murramore",332.00,310.48,,,,20813.63,-35.43,"149.0715","Pondi","House Arryn","Cersei Lannister","Jaime","-0.7911"
